{"cameraMode":{"drawMode":0,"name":"Shaded","section":"Shading Mode"},"sceneLighting":true,"audioPlay":false,"sceneViewState":{"showFog":true,"showMaterialUpdate":true,"showSkybox":true,"showFlares":true,"showImageEffects":true,"showParticleSystems":true},"in2DMode":false,"pivot":{"x":-6.385681629180908,"y":6.769306659698486,"z":-4.831674575805664},"rotation":{"x":0.044724538922309878,"y":-0.27221551537513735,"z":0.012666836380958557,"w":0.9611154198646545},"size":18.91320037841797,"orthographic":false}